<?xml version="1.0" encoding="UTF-8"?>
<jdbcDataSource exportedWithPermissions="false">
    <folder>/organizations/organization_1/datasources</folder>
    <name>hospital1_risar</name>
    <version>2</version>
    <label>hospital1_risar</label>
    <creationDate>2017-03-20T12:16:51.045+03:00</creationDate>
    <updateDate>2017-04-18T17:09:00.181+03:00</updateDate>
    <driver>org.mariadb.jdbc.Driver</driver>
    <connectionUrl>jdbc:mysql://172.30.32.121:3306/risar</connectionUrl>
    <connectionUser>root</connectionUser>
    <connectionPassword>ENC&lt;48F2CBF603E6E862F0A6FF2C5C05F2DD&gt;</connectionPassword>
    <timezone></timezone>
</jdbcDataSource>
